./module-info.java,,module-info,1
./org/jfree/chart/Drawable.java,.org.jfree.chart,Drawable,5
./org/jfree/chart/ChartColor.java,.org.jfree.chart,ChartColor,2
./org/jfree/chart/ChartElement.java,.org.jfree.chart,ChartElement,24
./org/jfree/chart/JFreeChart.java,.org.jfree.chart,JFreeChart,679
./org/jfree/chart/StandardChartTheme.java,.org.jfree.chart,StandardChartTheme,66
./org/jfree/chart/ChartTransferable.java,.org.jfree.chart,ChartTransferable,3
./org/jfree/chart/ChartFactory.java,.org.jfree.chart,ChartFactory,111
./org/jfree/chart/package-info.java,.org.jfree.chart,package-info,2
./org/jfree/chart/ChartHints.java,.org.jfree.chart,ChartHints,4
./org/jfree/chart/ChartTheme.java,.org.jfree.chart,ChartTheme,5
./org/jfree/chart/ChartUtils.java,.org.jfree.chart,ChartUtils,16
./org/jfree/chart/ChartRenderingInfo.java,.org.jfree.chart,ChartRenderingInfo,15
./org/jfree/chart/ChartElementVisitor.java,.org.jfree.chart,ChartElementVisitor,22
./org/jfree/chart/legend/LegendItemSource.java,.org.jfree.chart.legend,LegendItemSource,9
./org/jfree/chart/legend/LegendItemBlockContainer.java,.org.jfree.chart.legend,LegendItemBlockContainer,15
./org/jfree/chart/legend/LegendItemCollection.java,.org.jfree.chart.legend,LegendItemCollection,23
./org/jfree/chart/legend/LegendTitle.java,.org.jfree.chart.legend,LegendTitle,43
./org/jfree/chart/legend/package-info.java,.org.jfree.chart.legend,package-info,0
./org/jfree/chart/legend/LegendGraphic.java,.org.jfree.chart.legend,LegendGraphic,16
./org/jfree/chart/legend/LegendRenderingOrder.java,.org.jfree.chart.legend,LegendRenderingOrder,1
./org/jfree/chart/legend/PaintScaleLegend.java,.org.jfree.chart.legend,PaintScaleLegend,23
./org/jfree/chart/legend/LegendItem.java,.org.jfree.chart.legend,LegendItem,56
./org/jfree/chart/plot/CombinedRangeXYPlot.java,.org.jfree.chart.plot,CombinedRangeXYPlot,28
./org/jfree/chart/plot/MeterPlot.java,.org.jfree.chart.plot,MeterPlot,27
./org/jfree/chart/plot/CombinedRangeCategoryPlot.java,.org.jfree.chart.plot,CombinedRangeCategoryPlot,26
./org/jfree/chart/plot/XYCrosshairState.java,.org.jfree.chart.plot,XYCrosshairState,6
./org/jfree/chart/plot/SpiderWebPlot.java,.org.jfree.chart.plot,SpiderWebPlot,31
./org/jfree/chart/plot/DefaultDrawingSupplier.java,.org.jfree.chart.plot,DefaultDrawingSupplier,10
./org/jfree/chart/plot/IntervalMarker.java,.org.jfree.chart.plot,IntervalMarker,9
./org/jfree/chart/plot/Crosshair.java,.org.jfree.chart.plot,Crosshair,59
./org/jfree/chart/plot/Marker.java,.org.jfree.chart.plot,Marker,26
./org/jfree/chart/plot/CrosshairState.java,.org.jfree.chart.plot,CrosshairState,46
./org/jfree/chart/plot/PlotOrientation.java,.org.jfree.chart.plot,PlotOrientation,82
./org/jfree/chart/plot/PolarAxisLocation.java,.org.jfree.chart.plot,PolarAxisLocation,6
./org/jfree/chart/plot/CombinedDomainXYPlot.java,.org.jfree.chart.plot,CombinedDomainXYPlot,31
./org/jfree/chart/plot/DialShape.java,.org.jfree.chart.plot,DialShape,4
./org/jfree/chart/plot/Pannable.java,.org.jfree.chart.plot,Pannable,11
./org/jfree/chart/plot/package-info.java,.org.jfree.chart.plot,package-info,1
./org/jfree/chart/plot/CenterTextMode.java,.org.jfree.chart.plot,CenterTextMode,4
./org/jfree/chart/plot/DatasetRenderingOrder.java,.org.jfree.chart.plot,DatasetRenderingOrder,7
./org/jfree/chart/plot/PlotRenderingInfo.java,.org.jfree.chart.plot,PlotRenderingInfo,95
./org/jfree/chart/plot/CategoryMarker.java,.org.jfree.chart.plot,CategoryMarker,10
./org/jfree/chart/plot/Plot.java,.org.jfree.chart.plot,Plot,224
./org/jfree/chart/plot/Zoomable.java,.org.jfree.chart.plot,Zoomable,12
./org/jfree/chart/plot/WaferMapPlot.java,.org.jfree.chart.plot,WaferMapPlot,21
./org/jfree/chart/plot/SeriesRenderingOrder.java,.org.jfree.chart.plot,SeriesRenderingOrder,5
./org/jfree/chart/plot/CategoryCrosshairState.java,.org.jfree.chart.plot,CategoryCrosshairState,11
./org/jfree/chart/plot/CategoryPlot.java,.org.jfree.chart.plot,CategoryPlot,98
./org/jfree/chart/plot/PlotState.java,.org.jfree.chart.plot,PlotState,24
./org/jfree/chart/plot/MeterInterval.java,.org.jfree.chart.plot,MeterInterval,8
./org/jfree/chart/plot/FastScatterPlot.java,.org.jfree.chart.plot,FastScatterPlot,29
./org/jfree/chart/plot/ThermometerPlot.java,.org.jfree.chart.plot,ThermometerPlot,34
./org/jfree/chart/plot/ValueAxisPlot.java,.org.jfree.chart.plot,ValueAxisPlot,17
./org/jfree/chart/plot/CombinedDomainCategoryPlot.java,.org.jfree.chart.plot,CombinedDomainCategoryPlot,26
./org/jfree/chart/plot/DrawingSupplier.java,.org.jfree.chart.plot,DrawingSupplier,13
./org/jfree/chart/plot/RingPlot.java,.org.jfree.chart.plot,RingPlot,28
./org/jfree/chart/plot/PolarPlot.java,.org.jfree.chart.plot,PolarPlot,51
./org/jfree/chart/plot/XYPlot.java,.org.jfree.chart.plot,XYPlot,118
./org/jfree/chart/plot/ValueMarker.java,.org.jfree.chart.plot,ValueMarker,7
./org/jfree/chart/plot/pie/PieLabelDistributor.java,.org.jfree.chart.plot.pie,PieLabelDistributor,5
./org/jfree/chart/plot/pie/PiePlot.java,.org.jfree.chart.plot.pie,PiePlot,65
./org/jfree/chart/plot/pie/MultiplePiePlot.java,.org.jfree.chart.plot.pie,MultiplePiePlot,34
./org/jfree/chart/plot/pie/PiePlotState.java,.org.jfree.chart.plot.pie,PiePlotState,8
./org/jfree/chart/plot/pie/package-info.java,.org.jfree.chart.plot.pie,package-info,0
./org/jfree/chart/plot/pie/PieLabelLinkStyle.java,.org.jfree.chart.plot.pie,PieLabelLinkStyle,3
./org/jfree/chart/plot/pie/AbstractPieLabelDistributor.java,.org.jfree.chart.plot.pie,AbstractPieLabelDistributor,8
./org/jfree/chart/plot/pie/PieLabelRecord.java,.org.jfree.chart.plot.pie,PieLabelRecord,5
./org/jfree/chart/plot/flow/FlowPlot.java,.org.jfree.chart.plot.flow,FlowPlot,25
./org/jfree/chart/plot/flow/package-info.java,.org.jfree.chart.plot.flow,package-info,0
./org/jfree/chart/plot/compass/PointerNeedle.java,.org.jfree.chart.plot.compass,PointerNeedle,6
./org/jfree/chart/plot/compass/PinNeedle.java,.org.jfree.chart.plot.compass,PinNeedle,5
./org/jfree/chart/plot/compass/LongNeedle.java,.org.jfree.chart.plot.compass,LongNeedle,4
./org/jfree/chart/plot/compass/MiddlePinNeedle.java,.org.jfree.chart.plot.compass,MiddlePinNeedle,5
./org/jfree/chart/plot/compass/ShipNeedle.java,.org.jfree.chart.plot.compass,ShipNeedle,6
./org/jfree/chart/plot/compass/WindNeedle.java,.org.jfree.chart.plot.compass,WindNeedle,5
./org/jfree/chart/plot/compass/package-info.java,.org.jfree.chart.plot.compass,package-info,2
./org/jfree/chart/plot/compass/ArrowNeedle.java,.org.jfree.chart.plot.compass,ArrowNeedle,6
./org/jfree/chart/plot/compass/MeterNeedle.java,.org.jfree.chart.plot.compass,MeterNeedle,15
./org/jfree/chart/plot/compass/CompassPlot.java,.org.jfree.chart.plot.compass,CompassPlot,35
./org/jfree/chart/plot/compass/LineNeedle.java,.org.jfree.chart.plot.compass,LineNeedle,4
./org/jfree/chart/plot/compass/PlumNeedle.java,.org.jfree.chart.plot.compass,PlumNeedle,6
./org/jfree/chart/plot/dial/AbstractDialLayer.java,.org.jfree.chart.plot.dial,AbstractDialLayer,15
./org/jfree/chart/plot/dial/DialCap.java,.org.jfree.chart.plot.dial,DialCap,13
./org/jfree/chart/plot/dial/DialPointer.java,.org.jfree.chart.plot.dial,DialPointer,16
./org/jfree/chart/plot/dial/StandardDialScale.java,.org.jfree.chart.plot.dial,StandardDialScale,16
./org/jfree/chart/plot/dial/ArcDialFrame.java,.org.jfree.chart.plot.dial,ArcDialFrame,15
./org/jfree/chart/plot/dial/DialBackground.java,.org.jfree.chart.plot.dial,DialBackground,17
./org/jfree/chart/plot/dial/StandardDialRange.java,.org.jfree.chart.plot.dial,StandardDialRange,14
./org/jfree/chart/plot/dial/DialScale.java,.org.jfree.chart.plot.dial,DialScale,8
./org/jfree/chart/plot/dial/DialTextAnnotation.java,.org.jfree.chart.plot.dial,DialTextAnnotation,16
./org/jfree/chart/plot/dial/DialFrame.java,.org.jfree.chart.plot.dial,DialFrame,9
./org/jfree/chart/plot/dial/package-info.java,.org.jfree.chart.plot.dial,package-info,0
./org/jfree/chart/plot/dial/DialLayer.java,.org.jfree.chart.plot.dial,DialLayer,21
./org/jfree/chart/plot/dial/StandardDialFrame.java,.org.jfree.chart.plot.dial,StandardDialFrame,14
./org/jfree/chart/plot/dial/DialLayerChangeListener.java,.org.jfree.chart.plot.dial,DialLayerChangeListener,10
./org/jfree/chart/plot/dial/DialPlot.java,.org.jfree.chart.plot.dial,DialPlot,31
./org/jfree/chart/plot/dial/DialValueIndicator.java,.org.jfree.chart.plot.dial,DialValueIndicator,20
./org/jfree/chart/plot/dial/DialLayerChangeEvent.java,.org.jfree.chart.plot.dial,DialLayerChangeEvent,17
./org/jfree/chart/imagemap/ImageMapUtils.java,.org.jfree.chart.imagemap,ImageMapUtils,17
./org/jfree/chart/imagemap/StandardToolTipTagFragmentGenerator.java,.org.jfree.chart.imagemap,StandardToolTipTagFragmentGenerator,5
./org/jfree/chart/imagemap/ToolTipTagFragmentGenerator.java,.org.jfree.chart.imagemap,ToolTipTagFragmentGenerator,7
./org/jfree/chart/imagemap/OverLIBToolTipTagFragmentGenerator.java,.org.jfree.chart.imagemap,OverLIBToolTipTagFragmentGenerator,5
./org/jfree/chart/imagemap/StandardURLTagFragmentGenerator.java,.org.jfree.chart.imagemap,StandardURLTagFragmentGenerator,4
./org/jfree/chart/imagemap/package-info.java,.org.jfree.chart.imagemap,package-info,1
./org/jfree/chart/imagemap/URLTagFragmentGenerator.java,.org.jfree.chart.imagemap,URLTagFragmentGenerator,9
./org/jfree/chart/imagemap/DynamicDriveToolTipTagFragmentGenerator.java,.org.jfree.chart.imagemap,DynamicDriveToolTipTagFragmentGenerator,3
./org/jfree/chart/encoders/SunPNGEncoderAdapter.java,.org.jfree.chart.encoders,SunPNGEncoderAdapter,6
./org/jfree/chart/encoders/EncoderUtil.java,.org.jfree.chart.encoders,EncoderUtil,5
./org/jfree/chart/encoders/SunJPEGEncoderAdapter.java,.org.jfree.chart.encoders,SunJPEGEncoderAdapter,5
./org/jfree/chart/encoders/ImageFormat.java,.org.jfree.chart.encoders,ImageFormat,5
./org/jfree/chart/encoders/ImageEncoderFactory.java,.org.jfree.chart.encoders,ImageEncoderFactory,8
./org/jfree/chart/encoders/ImageEncoder.java,.org.jfree.chart.encoders,ImageEncoder,5
./org/jfree/chart/encoders/package-info.java,.org.jfree.chart.encoders,package-info,0
./org/jfree/chart/axis/AxisLocation.java,.org.jfree.chart.axis,AxisLocation,46
./org/jfree/chart/axis/ModuloAxis.java,.org.jfree.chart.axis,ModuloAxis,7
./org/jfree/chart/axis/NumberTickUnitSource.java,.org.jfree.chart.axis,NumberTickUnitSource,8
./org/jfree/chart/axis/DateTickUnitType.java,.org.jfree.chart.axis,DateTickUnitType,15
./org/jfree/chart/axis/AxisSpace.java,.org.jfree.chart.axis,AxisSpace,20
./org/jfree/chart/axis/AxisLabelLocation.java,.org.jfree.chart.axis,AxisLabelLocation,3
./org/jfree/chart/axis/Tick.java,.org.jfree.chart.axis,Tick,50
./org/jfree/chart/axis/AxisState.java,.org.jfree.chart.axis,AxisState,26
./org/jfree/chart/axis/TickUnits.java,.org.jfree.chart.axis,TickUnits,16
./org/jfree/chart/axis/NumberTick.java,.org.jfree.chart.axis,NumberTick,21
./org/jfree/chart/axis/LogAxis.java,.org.jfree.chart.axis,LogAxis,29
./org/jfree/chart/axis/PeriodAxisLabelInfo.java,.org.jfree.chart.axis,PeriodAxisLabelInfo,10
./org/jfree/chart/axis/NumberTickUnit.java,.org.jfree.chart.axis,NumberTickUnit,15
./org/jfree/chart/axis/AxisCollection.java,.org.jfree.chart.axis,AxisCollection,6
./org/jfree/chart/axis/SubCategoryAxis.java,.org.jfree.chart.axis,SubCategoryAxis,17
./org/jfree/chart/axis/QuarterDateFormat.java,.org.jfree.chart.axis,QuarterDateFormat,3
./org/jfree/chart/axis/DateTickUnit.java,.org.jfree.chart.axis,DateTickUnit,12
./org/jfree/chart/axis/Axis.java,.org.jfree.chart.axis,Axis,154
./org/jfree/chart/axis/PeriodAxis.java,.org.jfree.chart.axis,PeriodAxis,28
./org/jfree/chart/axis/DateTickMarkPosition.java,.org.jfree.chart.axis,DateTickMarkPosition,4
./org/jfree/chart/axis/CategoryTick.java,.org.jfree.chart.axis,CategoryTick,9
./org/jfree/chart/axis/MarkerAxisBand.java,.org.jfree.chart.axis,MarkerAxisBand,11
./org/jfree/chart/axis/StandardTickUnitSource.java,.org.jfree.chart.axis,StandardTickUnitSource,8
./org/jfree/chart/axis/TickUnit.java,.org.jfree.chart.axis,TickUnit,26
./org/jfree/chart/axis/package-info.java,.org.jfree.chart.axis,package-info,1
./org/jfree/chart/axis/TickUnitSource.java,.org.jfree.chart.axis,TickUnitSource,13
./org/jfree/chart/axis/CategoryLabelPositions.java,.org.jfree.chart.axis,CategoryLabelPositions,13
./org/jfree/chart/axis/LogTick.java,.org.jfree.chart.axis,LogTick,10
./org/jfree/chart/axis/DateAxis.java,.org.jfree.chart.axis,DateAxis,38
./org/jfree/chart/axis/ExtendedCategoryAxis.java,.org.jfree.chart.axis,ExtendedCategoryAxis,12
./org/jfree/chart/axis/SymbolAxis.java,.org.jfree.chart.axis,SymbolAxis,22
./org/jfree/chart/axis/DateTick.java,.org.jfree.chart.axis,DateTick,13
./org/jfree/chart/axis/CategoryAnchor.java,.org.jfree.chart.axis,CategoryAnchor,6
./org/jfree/chart/axis/CategoryLabelWidthType.java,.org.jfree.chart.axis,CategoryLabelWidthType,4
./org/jfree/chart/axis/ValueTick.java,.org.jfree.chart.axis,ValueTick,17
./org/jfree/chart/axis/Timeline.java,.org.jfree.chart.axis,Timeline,7
./org/jfree/chart/axis/CompassFormat.java,.org.jfree.chart.axis,CompassFormat,2
./org/jfree/chart/axis/CyclicNumberAxis.java,.org.jfree.chart.axis,CyclicNumberAxis,24
./org/jfree/chart/axis/ValueAxis.java,.org.jfree.chart.axis,ValueAxis,121
./org/jfree/chart/axis/MonthDateFormat.java,.org.jfree.chart.axis,MonthDateFormat,4
./org/jfree/chart/axis/CategoryLabelPosition.java,.org.jfree.chart.axis,CategoryLabelPosition,14
./org/jfree/chart/axis/LogarithmicAxis.java,.org.jfree.chart.axis,LogarithmicAxis,15
./org/jfree/chart/axis/NumberAxis.java,.org.jfree.chart.axis,NumberAxis,44
./org/jfree/chart/axis/CategoryAxis.java,.org.jfree.chart.axis,CategoryAxis,65
./org/jfree/chart/axis/TickType.java,.org.jfree.chart.axis,TickType,13
./org/jfree/chart/internal/Args.java,.org.jfree.chart.internal,Args,239
./org/jfree/chart/internal/PaintUtils.java,.org.jfree.chart.internal,PaintUtils,66
./org/jfree/chart/internal/ShapeUtils.java,.org.jfree.chart.internal,ShapeUtils,31
./org/jfree/chart/internal/HashUtils.java,.org.jfree.chart.internal,HashUtils,53
./org/jfree/chart/internal/SerialUtils.java,.org.jfree.chart.internal,SerialUtils,95
./org/jfree/chart/internal/package-info.java,.org.jfree.chart.internal,package-info,1
./org/jfree/chart/internal/ArrayUtils.java,.org.jfree.chart.internal,ArrayUtils,3
./org/jfree/chart/internal/CloneUtils.java,.org.jfree.chart.internal,CloneUtils,54
./org/jfree/chart/internal/LineUtils.java,.org.jfree.chart.internal,LineUtils,6
./org/jfree/chart/util/PaintAlpha.java,.org.jfree.chart.util,PaintAlpha,1
./org/jfree/chart/util/ShadowGenerator.java,.org.jfree.chart.util,ShadowGenerator,11
./org/jfree/chart/util/StandardGradientPaintTransformer.java,.org.jfree.chart.util,StandardGradientPaintTransformer,12
./org/jfree/chart/util/StringUtils.java,.org.jfree.chart.util,StringUtils,8
./org/jfree/chart/util/AttrStringUtils.java,.org.jfree.chart.util,AttrStringUtils,8
./org/jfree/chart/util/DirectionalGradientPaintTransformer.java,.org.jfree.chart.util,DirectionalGradientPaintTransformer,2
./org/jfree/chart/util/package-info.java,.org.jfree.chart.util,package-info,1
./org/jfree/chart/util/ExportUtils.java,.org.jfree.chart.util,ExportUtils,3
./org/jfree/chart/util/GradientPaintTransformer.java,.org.jfree.chart.util,GradientPaintTransformer,18
./org/jfree/chart/util/GradientPaintTransformType.java,.org.jfree.chart.util,GradientPaintTransformType,3
./org/jfree/chart/util/DefaultShadowGenerator.java,.org.jfree.chart.util,DefaultShadowGenerator,5
./org/jfree/chart/entity/FlowEntity.java,.org.jfree.chart.entity,FlowEntity,7
./org/jfree/chart/entity/TitleEntity.java,.org.jfree.chart.entity,TitleEntity,8
./org/jfree/chart/entity/ChartEntity.java,.org.jfree.chart.entity,ChartEntity,27
./org/jfree/chart/entity/NodeEntity.java,.org.jfree.chart.entity,NodeEntity,7
./org/jfree/chart/entity/AxisEntity.java,.org.jfree.chart.entity,AxisEntity,7
./org/jfree/chart/entity/TickLabelEntity.java,.org.jfree.chart.entity,TickLabelEntity,4
./org/jfree/chart/entity/PlotEntity.java,.org.jfree.chart.entity,PlotEntity,7
./org/jfree/chart/entity/PieSectionEntity.java,.org.jfree.chart.entity,PieSectionEntity,7
./org/jfree/chart/entity/CategoryItemEntity.java,.org.jfree.chart.entity,CategoryItemEntity,7
./org/jfree/chart/entity/StandardEntityCollection.java,.org.jfree.chart.entity,StandardEntityCollection,11
./org/jfree/chart/entity/JFreeChartEntity.java,.org.jfree.chart.entity,JFreeChartEntity,6
./org/jfree/chart/entity/package-info.java,.org.jfree.chart.entity,package-info,0
./org/jfree/chart/entity/EntityCollection.java,.org.jfree.chart.entity,EntityCollection,66
./org/jfree/chart/entity/XYItemEntity.java,.org.jfree.chart.entity,XYItemEntity,12
./org/jfree/chart/entity/LegendItemEntity.java,.org.jfree.chart.entity,LegendItemEntity,6
./org/jfree/chart/entity/XYAnnotationEntity.java,.org.jfree.chart.entity,XYAnnotationEntity,7
./org/jfree/chart/entity/CategoryLabelEntity.java,.org.jfree.chart.entity,CategoryLabelEntity,7
./org/jfree/chart/labels/ItemLabelPosition.java,.org.jfree.chart.labels,ItemLabelPosition,16
./org/jfree/chart/labels/StandardCategorySeriesLabelGenerator.java,.org.jfree.chart.labels,StandardCategorySeriesLabelGenerator,9
./org/jfree/chart/labels/MultipleXYSeriesLabelGenerator.java,.org.jfree.chart.labels,MultipleXYSeriesLabelGenerator,9
./org/jfree/chart/labels/BoxAndWhiskerXYToolTipGenerator.java,.org.jfree.chart.labels,BoxAndWhiskerXYToolTipGenerator,9
./org/jfree/chart/labels/PieToolTipGenerator.java,.org.jfree.chart.labels,PieToolTipGenerator,9
./org/jfree/chart/labels/SymbolicXYItemLabelGenerator.java,.org.jfree.chart.labels,SymbolicXYItemLabelGenerator,15
./org/jfree/chart/labels/ItemLabelAnchor.java,.org.jfree.chart.labels,ItemLabelAnchor,13
./org/jfree/chart/labels/IntervalCategoryToolTipGenerator.java,.org.jfree.chart.labels,IntervalCategoryToolTipGenerator,8
./org/jfree/chart/labels/StandardCategoryToolTipGenerator.java,.org.jfree.chart.labels,StandardCategoryToolTipGenerator,10
./org/jfree/chart/labels/IntervalXYToolTipGenerator.java,.org.jfree.chart.labels,IntervalXYToolTipGenerator,10
./org/jfree/chart/labels/AbstractPieItemLabelGenerator.java,.org.jfree.chart.labels,AbstractPieItemLabelGenerator,9
./org/jfree/chart/labels/BubbleXYItemLabelGenerator.java,.org.jfree.chart.labels,BubbleXYItemLabelGenerator,11
./org/jfree/chart/labels/StandardXYItemLabelGenerator.java,.org.jfree.chart.labels,StandardXYItemLabelGenerator,6
./org/jfree/chart/labels/XYZToolTipGenerator.java,.org.jfree.chart.labels,XYZToolTipGenerator,6
./org/jfree/chart/labels/XYItemLabelGenerator.java,.org.jfree.chart.labels,XYItemLabelGenerator,17
./org/jfree/chart/labels/BoxAndWhiskerToolTipGenerator.java,.org.jfree.chart.labels,BoxAndWhiskerToolTipGenerator,10
./org/jfree/chart/labels/IntervalXYItemLabelGenerator.java,.org.jfree.chart.labels,IntervalXYItemLabelGenerator,9
./org/jfree/chart/labels/CategoryToolTipGenerator.java,.org.jfree.chart.labels,CategoryToolTipGenerator,14
./org/jfree/chart/labels/package-info.java,.org.jfree.chart.labels,package-info,0
./org/jfree/chart/labels/StandardCrosshairLabelGenerator.java,.org.jfree.chart.labels,StandardCrosshairLabelGenerator,6
./org/jfree/chart/labels/AbstractXYItemLabelGenerator.java,.org.jfree.chart.labels,AbstractXYItemLabelGenerator,13
./org/jfree/chart/labels/StandardXYSeriesLabelGenerator.java,.org.jfree.chart.labels,StandardXYSeriesLabelGenerator,10
./org/jfree/chart/labels/XYSeriesLabelGenerator.java,.org.jfree.chart.labels,XYSeriesLabelGenerator,14
./org/jfree/chart/labels/PieSectionLabelGenerator.java,.org.jfree.chart.labels,PieSectionLabelGenerator,6
./org/jfree/chart/labels/StandardFlowLabelGenerator.java,.org.jfree.chart.labels,StandardFlowLabelGenerator,7
./org/jfree/chart/labels/StandardPieToolTipGenerator.java,.org.jfree.chart.labels,StandardPieToolTipGenerator,7
./org/jfree/chart/labels/StandardXYZToolTipGenerator.java,.org.jfree.chart.labels,StandardXYZToolTipGenerator,10
./org/jfree/chart/labels/StandardXYToolTipGenerator.java,.org.jfree.chart.labels,StandardXYToolTipGenerator,13
./org/jfree/chart/labels/AbstractCategoryItemLabelGenerator.java,.org.jfree.chart.labels,AbstractCategoryItemLabelGenerator,12
./org/jfree/chart/labels/XYToolTipGenerator.java,.org.jfree.chart.labels,XYToolTipGenerator,27
./org/jfree/chart/labels/IntervalCategoryItemLabelGenerator.java,.org.jfree.chart.labels,IntervalCategoryItemLabelGenerator,8
./org/jfree/chart/labels/CategorySeriesLabelGenerator.java,.org.jfree.chart.labels,CategorySeriesLabelGenerator,7
./org/jfree/chart/labels/CustomXYToolTipGenerator.java,.org.jfree.chart.labels,CustomXYToolTipGenerator,6
./org/jfree/chart/labels/StandardCategoryItemLabelGenerator.java,.org.jfree.chart.labels,StandardCategoryItemLabelGenerator,9
./org/jfree/chart/labels/CategoryItemLabelGenerator.java,.org.jfree.chart.labels,CategoryItemLabelGenerator,23
./org/jfree/chart/labels/HighLowItemLabelGenerator.java,.org.jfree.chart.labels,HighLowItemLabelGenerator,13
./org/jfree/chart/labels/FlowLabelGenerator.java,.org.jfree.chart.labels,FlowLabelGenerator,6
./org/jfree/chart/labels/CrosshairLabelGenerator.java,.org.jfree.chart.labels,CrosshairLabelGenerator,4
./org/jfree/chart/labels/StandardPieSectionLabelGenerator.java,.org.jfree.chart.labels,StandardPieSectionLabelGenerator,8
./org/jfree/chart/title/CompositeTitle.java,.org.jfree.chart.title,CompositeTitle,15
./org/jfree/chart/title/package-info.java,.org.jfree.chart.title,package-info,0
./org/jfree/chart/title/DateTitle.java,.org.jfree.chart.title,DateTitle,7
./org/jfree/chart/title/ImageTitle.java,.org.jfree.chart.title,ImageTitle,9
./org/jfree/chart/title/ShortTextTitle.java,.org.jfree.chart.title,ShortTextTitle,9
./org/jfree/chart/title/Title.java,.org.jfree.chart.title,Title,35
./org/jfree/chart/title/TextTitle.java,.org.jfree.chart.title,TextTitle,35
./org/jfree/chart/urls/TimeSeriesURLGenerator.java,.org.jfree.chart.urls,TimeSeriesURLGenerator,8
./org/jfree/chart/urls/CategoryURLGenerator.java,.org.jfree.chart.urls,CategoryURLGenerator,18
./org/jfree/chart/urls/CustomPieURLGenerator.java,.org.jfree.chart.urls,CustomPieURLGenerator,8
./org/jfree/chart/urls/CustomCategoryURLGenerator.java,.org.jfree.chart.urls,CustomCategoryURLGenerator,6
./org/jfree/chart/urls/PieURLGenerator.java,.org.jfree.chart.urls,PieURLGenerator,10
./org/jfree/chart/urls/StandardXYURLGenerator.java,.org.jfree.chart.urls,StandardXYURLGenerator,8
./org/jfree/chart/urls/StandardXYZURLGenerator.java,.org.jfree.chart.urls,StandardXYZURLGenerator,7
./org/jfree/chart/urls/package-info.java,.org.jfree.chart.urls,package-info,0
./org/jfree/chart/urls/StandardPieURLGenerator.java,.org.jfree.chart.urls,StandardPieURLGenerator,6
./org/jfree/chart/urls/StandardCategoryURLGenerator.java,.org.jfree.chart.urls,StandardCategoryURLGenerator,8
./org/jfree/chart/urls/XYZURLGenerator.java,.org.jfree.chart.urls,XYZURLGenerator,7
./org/jfree/chart/urls/CustomXYURLGenerator.java,.org.jfree.chart.urls,CustomXYURLGenerator,6
./org/jfree/chart/urls/XYURLGenerator.java,.org.jfree.chart.urls,XYURLGenerator,23
./org/jfree/chart/api/Layer.java,.org.jfree.chart.api,Layer,23
./org/jfree/chart/api/VerticalAlignment.java,.org.jfree.chart.api,VerticalAlignment,9
./org/jfree/chart/api/LengthAdjustmentType.java,.org.jfree.chart.api,LengthAdjustmentType,7
./org/jfree/chart/api/UnitType.java,.org.jfree.chart.api,UnitType,9
./org/jfree/chart/api/PublicCloneable.java,.org.jfree.chart.api,PublicCloneable,161
./org/jfree/chart/api/TableOrder.java,.org.jfree.chart.api,TableOrder,5
./org/jfree/chart/api/RectangleEdge.java,.org.jfree.chart.api,RectangleEdge,93
./org/jfree/chart/api/RectangleAlignment.java,.org.jfree.chart.api,RectangleAlignment,4
./org/jfree/chart/api/RectangleAnchor.java,.org.jfree.chart.api,RectangleAnchor,20
./org/jfree/chart/api/package-info.java,.org.jfree.chart.api,package-info,1
./org/jfree/chart/api/XYCoordinateType.java,.org.jfree.chart.api,XYCoordinateType,3
./org/jfree/chart/api/SortOrder.java,.org.jfree.chart.api,SortOrder,7
./org/jfree/chart/api/HorizontalAlignment.java,.org.jfree.chart.api,HorizontalAlignment,10
./org/jfree/chart/api/Rotation.java,.org.jfree.chart.api,Rotation,30
./org/jfree/chart/api/RectangleInsets.java,.org.jfree.chart.api,RectangleInsets,48
./org/jfree/chart/swing/Overlay.java,.org.jfree.chart.swing,Overlay,9
./org/jfree/chart/swing/ChartPanel.java,.org.jfree.chart.swing,ChartPanel,43
./org/jfree/chart/swing/ChartMouseListener.java,.org.jfree.chart.swing,ChartMouseListener,5
./org/jfree/chart/swing/ApplicationFrame.java,.org.jfree.chart.swing,ApplicationFrame,1
./org/jfree/chart/swing/DefaultSelectionZoomStrategy.java,.org.jfree.chart.swing,DefaultSelectionZoomStrategy,4
./org/jfree/chart/swing/NumberCellRenderer.java,.org.jfree.chart.swing,NumberCellRenderer,3
./org/jfree/chart/swing/ChartFrame.java,.org.jfree.chart.swing,ChartFrame,2
./org/jfree/chart/swing/OverlayChangeEvent.java,.org.jfree.chart.swing,OverlayChangeEvent,6
./org/jfree/chart/swing/MouseWheelHandler.java,.org.jfree.chart.swing,MouseWheelHandler,11
./org/jfree/chart/swing/ChartMouseEvent.java,.org.jfree.chart.swing,ChartMouseEvent,6
./org/jfree/chart/swing/package-info.java,.org.jfree.chart.swing,package-info,1
./org/jfree/chart/swing/OverlayChangeListener.java,.org.jfree.chart.swing,OverlayChangeListener,6
./org/jfree/chart/swing/AbstractOverlay.java,.org.jfree.chart.swing,AbstractOverlay,8
./org/jfree/chart/swing/UIUtils.java,.org.jfree.chart.swing,UIUtils,2
./org/jfree/chart/swing/SelectionZoomStrategy.java,.org.jfree.chart.swing,SelectionZoomStrategy,4
./org/jfree/chart/swing/CrosshairOverlay.java,.org.jfree.chart.swing,CrosshairOverlay,21
./org/jfree/chart/swing/PolarChartPanel.java,.org.jfree.chart.swing,PolarChartPanel,6
./org/jfree/chart/swing/editor/FontDisplayField.java,.org.jfree.chart.swing.editor,FontDisplayField,3
./org/jfree/chart/swing/editor/ChartEditorManager.java,.org.jfree.chart.swing.editor,ChartEditorManager,8
./org/jfree/chart/swing/editor/DefaultChartEditor.java,.org.jfree.chart.swing.editor,DefaultChartEditor,13
./org/jfree/chart/swing/editor/PaintSample.java,.org.jfree.chart.swing.editor,PaintSample,6
./org/jfree/chart/swing/editor/DefaultLogAxisEditor.java,.org.jfree.chart.swing.editor,DefaultLogAxisEditor,11
./org/jfree/chart/swing/editor/DefaultPolarPlotEditor.java,.org.jfree.chart.swing.editor,DefaultPolarPlotEditor,11
./org/jfree/chart/swing/editor/StrokeSample.java,.org.jfree.chart.swing.editor,StrokeSample,4
./org/jfree/chart/swing/editor/DefaultTitleEditor.java,.org.jfree.chart.swing.editor,DefaultTitleEditor,8
./org/jfree/chart/swing/editor/DefaultNumberAxisEditor.java,.org.jfree.chart.swing.editor,DefaultNumberAxisEditor,13
./org/jfree/chart/swing/editor/LCBLayout.java,.org.jfree.chart.swing.editor,LCBLayout,8
./org/jfree/chart/swing/editor/FontChooserPanel.java,.org.jfree.chart.swing.editor,FontChooserPanel,5
./org/jfree/chart/swing/editor/StrokeChooserPanel.java,.org.jfree.chart.swing.editor,StrokeChooserPanel,4
./org/jfree/chart/swing/editor/DefaultAxisEditor.java,.org.jfree.chart.swing.editor,DefaultAxisEditor,15
./org/jfree/chart/swing/editor/package-info.java,.org.jfree.chart.swing.editor,package-info,0
./org/jfree/chart/swing/editor/ChartEditor.java,.org.jfree.chart.swing.editor,ChartEditor,7
./org/jfree/chart/swing/editor/ChartEditorFactory.java,.org.jfree.chart.swing.editor,ChartEditorFactory,4
./org/jfree/chart/swing/editor/DefaultValueAxisEditor.java,.org.jfree.chart.swing.editor,DefaultValueAxisEditor,16
./org/jfree/chart/swing/editor/DefaultChartEditorFactory.java,.org.jfree.chart.swing.editor,DefaultChartEditorFactory,5
./org/jfree/chart/swing/editor/DefaultPlotEditor.java,.org.jfree.chart.swing.editor,DefaultPlotEditor,21
./org/jfree/chart/text/TextAnchor.java,.org.jfree.chart.text,TextAnchor,52
./org/jfree/chart/text/G2TextMeasurer.java,.org.jfree.chart.text,G2TextMeasurer,7
./org/jfree/chart/text/TextBlockAnchor.java,.org.jfree.chart.text,TextBlockAnchor,11
./org/jfree/chart/text/TextLine.java,.org.jfree.chart.text,TextLine,11
./org/jfree/chart/text/AttributedStringUtils.java,.org.jfree.chart.text,AttributedStringUtils,4
./org/jfree/chart/text/TextBox.java,.org.jfree.chart.text,TextBox,10
./org/jfree/chart/text/package-info.java,.org.jfree.chart.text,package-info,0
./org/jfree/chart/text/TextBlock.java,.org.jfree.chart.text,TextBlock,23
./org/jfree/chart/text/TextFragment.java,.org.jfree.chart.text,TextFragment,10
./org/jfree/chart/text/TextUtils.java,.org.jfree.chart.text,TextUtils,43
./org/jfree/chart/text/TextMeasurer.java,.org.jfree.chart.text,TextMeasurer,7
./org/jfree/chart/text/format/LogFormat.java,.org.jfree.chart.text.format,LogFormat,2
./org/jfree/chart/text/format/HMSNumberFormat.java,.org.jfree.chart.text.format,HMSNumberFormat,1
./org/jfree/chart/text/format/package-info.java,.org.jfree.chart.text.format,package-info,0
./org/jfree/chart/text/format/RelativeDateFormat.java,.org.jfree.chart.text.format,RelativeDateFormat,6
./org/jfree/chart/text/format/HexNumberFormat.java,.org.jfree.chart.text.format,HexNumberFormat,1
./org/jfree/chart/annotations/XYPolygonAnnotation.java,.org.jfree.chart.annotations,XYPolygonAnnotation,19
./org/jfree/chart/annotations/AbstractXYAnnotation.java,.org.jfree.chart.annotations,AbstractXYAnnotation,22
./org/jfree/chart/annotations/CategoryPointerAnnotation.java,.org.jfree.chart.annotations,CategoryPointerAnnotation,23
./org/jfree/chart/annotations/XYLineAnnotation.java,.org.jfree.chart.annotations,XYLineAnnotation,21
./org/jfree/chart/annotations/AbstractAnnotation.java,.org.jfree.chart.annotations,AbstractAnnotation,7
./org/jfree/chart/annotations/XYDrawableAnnotation.java,.org.jfree.chart.annotations,XYDrawableAnnotation,17
./org/jfree/chart/annotations/CategoryAnnotation.java,.org.jfree.chart.annotations,CategoryAnnotation,11
./org/jfree/chart/annotations/CategoryTextAnnotation.java,.org.jfree.chart.annotations,CategoryTextAnnotation,24
./org/jfree/chart/annotations/XYShapeAnnotation.java,.org.jfree.chart.annotations,XYShapeAnnotation,19
./org/jfree/chart/annotations/package-info.java,.org.jfree.chart.annotations,package-info,0
./org/jfree/chart/annotations/XYTextAnnotation.java,.org.jfree.chart.annotations,XYTextAnnotation,26
./org/jfree/chart/annotations/Annotation.java,.org.jfree.chart.annotations,Annotation,32
./org/jfree/chart/annotations/CategoryLineAnnotation.java,.org.jfree.chart.annotations,CategoryLineAnnotation,24
./org/jfree/chart/annotations/TextAnnotation.java,.org.jfree.chart.annotations,TextAnnotation,16
./org/jfree/chart/annotations/XYTitleAnnotation.java,.org.jfree.chart.annotations,XYTitleAnnotation,29
./org/jfree/chart/annotations/XYAnnotation.java,.org.jfree.chart.annotations,XYAnnotation,24
./org/jfree/chart/annotations/XYBoxAnnotation.java,.org.jfree.chart.annotations,XYBoxAnnotation,18
./org/jfree/chart/annotations/XYAnnotationBoundsInfo.java,.org.jfree.chart.annotations,XYAnnotationBoundsInfo,6
./org/jfree/chart/annotations/XYPointerAnnotation.java,.org.jfree.chart.annotations,XYPointerAnnotation,22
./org/jfree/chart/annotations/XYImageAnnotation.java,.org.jfree.chart.annotations,XYImageAnnotation,18
./org/jfree/chart/annotations/XYDataImageAnnotation.java,.org.jfree.chart.annotations,XYDataImageAnnotation,18
./org/jfree/chart/event/AxisChangeListener.java,.org.jfree.chart.event,AxisChangeListener,7
./org/jfree/chart/event/PlotChangeListener.java,.org.jfree.chart.event,PlotChangeListener,10
./org/jfree/chart/event/ChartProgressEvent.java,.org.jfree.chart.event,ChartProgressEvent,7
./org/jfree/chart/event/RendererChangeListener.java,.org.jfree.chart.event,RendererChangeListener,11
./org/jfree/chart/event/ChartChangeListener.java,.org.jfree.chart.event,ChartChangeListener,5
./org/jfree/chart/event/ChartChangeEventType.java,.org.jfree.chart.event,ChartChangeEventType,6
./org/jfree/chart/event/PlotChangeEvent.java,.org.jfree.chart.event,PlotChangeEvent,23
./org/jfree/chart/event/ChartChangeEvent.java,.org.jfree.chart.event,ChartChangeEvent,18
./org/jfree/chart/event/ChartProgressEventType.java,.org.jfree.chart.event,ChartProgressEventType,4
./org/jfree/chart/event/TitleChangeEvent.java,.org.jfree.chart.event,TitleChangeEvent,11
./org/jfree/chart/event/MarkerChangeListener.java,.org.jfree.chart.event,MarkerChangeListener,6
./org/jfree/chart/event/package-info.java,.org.jfree.chart.event,package-info,0
./org/jfree/chart/event/AnnotationChangeListener.java,.org.jfree.chart.event,AnnotationChangeListener,9
./org/jfree/chart/event/ChartProgressListener.java,.org.jfree.chart.event,ChartProgressListener,4
./org/jfree/chart/event/AxisChangeEvent.java,.org.jfree.chart.event,AxisChangeEvent,16
./org/jfree/chart/event/MarkerChangeEvent.java,.org.jfree.chart.event,MarkerChangeEvent,10
./org/jfree/chart/event/AnnotationChangeEvent.java,.org.jfree.chart.event,AnnotationChangeEvent,19
./org/jfree/chart/event/RendererChangeEvent.java,.org.jfree.chart.event,RendererChangeEvent,52
./org/jfree/chart/event/TitleChangeListener.java,.org.jfree.chart.event,TitleChangeListener,5
./org/jfree/chart/renderer/PolarItemRenderer.java,.org.jfree.chart.renderer,PolarItemRenderer,20
./org/jfree/chart/renderer/GrayPaintScale.java,.org.jfree.chart.renderer,GrayPaintScale,4
./org/jfree/chart/renderer/RendererUtils.java,.org.jfree.chart.renderer,RendererUtils,7
./org/jfree/chart/renderer/AreaRendererEndType.java,.org.jfree.chart.renderer,AreaRendererEndType,3
./org/jfree/chart/renderer/RendererState.java,.org.jfree.chart.renderer,RendererState,59
./org/jfree/chart/renderer/OutlierListCollection.java,.org.jfree.chart.renderer,OutlierListCollection,6
./org/jfree/chart/renderer/LookupPaintScale.java,.org.jfree.chart.renderer,LookupPaintScale,8
./org/jfree/chart/renderer/OutlierList.java,.org.jfree.chart.renderer,OutlierList,6
./org/jfree/chart/renderer/WaferMapRenderer.java,.org.jfree.chart.renderer,WaferMapRenderer,15
./org/jfree/chart/renderer/Outlier.java,.org.jfree.chart.renderer,Outlier,12
./org/jfree/chart/renderer/AbstractRenderer.java,.org.jfree.chart.renderer,AbstractRenderer,32
./org/jfree/chart/renderer/package-info.java,.org.jfree.chart.renderer,package-info,3
./org/jfree/chart/renderer/DefaultPolarItemRenderer.java,.org.jfree.chart.renderer,DefaultPolarItemRenderer,33
./org/jfree/chart/renderer/PaintScale.java,.org.jfree.chart.renderer,PaintScale,11
./org/jfree/chart/renderer/NotOutlierException.java,.org.jfree.chart.renderer,NotOutlierException,4
./org/jfree/chart/renderer/xy/XYBarRenderer.java,.org.jfree.chart.renderer.xy,XYBarRenderer,52
./org/jfree/chart/renderer/xy/StandardXYBarPainter.java,.org.jfree.chart.renderer.xy,StandardXYBarPainter,9
./org/jfree/chart/renderer/xy/XYAreaRenderer2.java,.org.jfree.chart.renderer.xy,XYAreaRenderer2,37
./org/jfree/chart/renderer/xy/StackedXYBarRenderer.java,.org.jfree.chart.renderer.xy,StackedXYBarRenderer,31
./org/jfree/chart/renderer/xy/XYErrorRenderer.java,.org.jfree.chart.renderer.xy,XYErrorRenderer,23
./org/jfree/chart/renderer/xy/GradientXYBarPainter.java,.org.jfree.chart.renderer.xy,GradientXYBarPainter,11
./org/jfree/chart/renderer/xy/XYItemRenderer.java,.org.jfree.chart.renderer.xy,XYItemRenderer,70
./org/jfree/chart/renderer/xy/CandlestickRenderer.java,.org.jfree.chart.renderer.xy,CandlestickRenderer,32
./org/jfree/chart/renderer/xy/XYSplineRenderer.java,.org.jfree.chart.renderer.xy,XYSplineRenderer,23
./org/jfree/chart/renderer/xy/StackedXYAreaRenderer.java,.org.jfree.chart.renderer.xy,StackedXYAreaRenderer,36
./org/jfree/chart/renderer/xy/DefaultXYItemRenderer.java,.org.jfree.chart.renderer.xy,DefaultXYItemRenderer,6
./org/jfree/chart/renderer/xy/XYBubbleRenderer.java,.org.jfree.chart.renderer.xy,XYBubbleRenderer,27
./org/jfree/chart/renderer/xy/YIntervalRenderer.java,.org.jfree.chart.renderer.xy,YIntervalRenderer,31
./org/jfree/chart/renderer/xy/DeviationRenderer.java,.org.jfree.chart.renderer.xy,DeviationRenderer,26
./org/jfree/chart/renderer/xy/CyclicXYItemRenderer.java,.org.jfree.chart.renderer.xy,CyclicXYItemRenderer,22
./org/jfree/chart/renderer/xy/XYBarPainter.java,.org.jfree.chart.renderer.xy,XYBarPainter,11
./org/jfree/chart/renderer/xy/package.html,.org.jfree.chart.renderer.xy,package.html,2
./org/jfree/chart/renderer/xy/XYBlockRenderer.java,.org.jfree.chart.renderer.xy,XYBlockRenderer,30
./org/jfree/chart/renderer/xy/XYItemRendererState.java,.org.jfree.chart.renderer.xy,XYItemRendererState,40
./org/jfree/chart/renderer/xy/DeviationStepRenderer.java,.org.jfree.chart.renderer.xy,DeviationStepRenderer,24
./org/jfree/chart/renderer/xy/XYDotRenderer.java,.org.jfree.chart.renderer.xy,XYDotRenderer,27
./org/jfree/chart/renderer/xy/XYBoxAndWhiskerRenderer.java,.org.jfree.chart.renderer.xy,XYBoxAndWhiskerRenderer,32
./org/jfree/chart/renderer/xy/VectorRenderer.java,.org.jfree.chart.renderer.xy,VectorRenderer,23
./org/jfree/chart/renderer/xy/XYStepRenderer.java,.org.jfree.chart.renderer.xy,XYStepRenderer,30
./org/jfree/chart/renderer/xy/AbstractXYItemRenderer.java,.org.jfree.chart.renderer.xy,AbstractXYItemRenderer,73
./org/jfree/chart/renderer/xy/package-info.java,.org.jfree.chart.renderer.xy,package-info,2
./org/jfree/chart/renderer/xy/XYShapeRenderer.java,.org.jfree.chart.renderer.xy,XYShapeRenderer,32
./org/jfree/chart/renderer/xy/XYLineAndShapeRenderer.java,.org.jfree.chart.renderer.xy,XYLineAndShapeRenderer,41
./org/jfree/chart/renderer/xy/HighLowRenderer.java,.org.jfree.chart.renderer.xy,HighLowRenderer,28
./org/jfree/chart/renderer/xy/WindItemRenderer.java,.org.jfree.chart.renderer.xy,WindItemRenderer,21
./org/jfree/chart/renderer/xy/XYDifferenceRenderer.java,.org.jfree.chart.renderer.xy,XYDifferenceRenderer,33
./org/jfree/chart/renderer/xy/XYAreaRenderer.java,.org.jfree.chart.renderer.xy,XYAreaRenderer,41
./org/jfree/chart/renderer/xy/StandardXYItemRenderer.java,.org.jfree.chart.renderer.xy,StandardXYItemRenderer,36
./org/jfree/chart/renderer/xy/SamplingXYLineRenderer.java,.org.jfree.chart.renderer.xy,SamplingXYLineRenderer,24
./org/jfree/chart/renderer/xy/ClusteredXYBarRenderer.java,.org.jfree.chart.renderer.xy,ClusteredXYBarRenderer,28
./org/jfree/chart/renderer/xy/XYStepAreaRenderer.java,.org.jfree.chart.renderer.xy,XYStepAreaRenderer,27
./org/jfree/chart/renderer/xy/StackedXYAreaRenderer2.java,.org.jfree.chart.renderer.xy,StackedXYAreaRenderer2,31
./org/jfree/chart/renderer/category/LevelRenderer.java,.org.jfree.chart.renderer.category,LevelRenderer,26
./org/jfree/chart/renderer/category/CategoryItemRenderer.java,.org.jfree.chart.renderer.category,CategoryItemRenderer,58
./org/jfree/chart/renderer/category/StackedAreaRenderer.java,.org.jfree.chart.renderer.category,StackedAreaRenderer,23
./org/jfree/chart/renderer/category/StatisticalLineAndShapeRenderer.java,.org.jfree.chart.renderer.category,StatisticalLineAndShapeRenderer,26
./org/jfree/chart/renderer/category/StackedBarRenderer.java,.org.jfree.chart.renderer.category,StackedBarRenderer,29
./org/jfree/chart/renderer/category/BarPainter.java,.org.jfree.chart.renderer.category,BarPainter,19
./org/jfree/chart/renderer/category/ScatterRenderer.java,.org.jfree.chart.renderer.category,ScatterRenderer,23
./org/jfree/chart/renderer/category/IntervalBarRenderer.java,.org.jfree.chart.renderer.category,IntervalBarRenderer,23
./org/jfree/chart/renderer/category/MinMaxCategoryRenderer.java,.org.jfree.chart.renderer.category,MinMaxCategoryRenderer,21
./org/jfree/chart/renderer/category/StatisticalBarRenderer.java,.org.jfree.chart.renderer.category,StatisticalBarRenderer,27
./org/jfree/chart/renderer/category/CategoryStepRenderer.java,.org.jfree.chart.renderer.category,CategoryStepRenderer,22
./org/jfree/chart/renderer/category/CategoryItemRendererState.java,.org.jfree.chart.renderer.category,CategoryItemRendererState,29
./org/jfree/chart/renderer/category/BoxAndWhiskerRenderer.java,.org.jfree.chart.renderer.category,BoxAndWhiskerRenderer,31
./org/jfree/chart/renderer/category/package-info.java,.org.jfree.chart.renderer.category,package-info,2
./org/jfree/chart/renderer/category/StandardBarPainter.java,.org.jfree.chart.renderer.category,StandardBarPainter,7
./org/jfree/chart/renderer/category/GradientBarPainter.java,.org.jfree.chart.renderer.category,GradientBarPainter,9
./org/jfree/chart/renderer/category/LineAndShapeRenderer.java,.org.jfree.chart.renderer.category,LineAndShapeRenderer,38
./org/jfree/chart/renderer/category/AbstractCategoryItemRenderer.java,.org.jfree.chart.renderer.category,AbstractCategoryItemRenderer,66
./org/jfree/chart/renderer/category/LayeredBarRenderer.java,.org.jfree.chart.renderer.category,LayeredBarRenderer,21
./org/jfree/chart/renderer/category/GanttRenderer.java,.org.jfree.chart.renderer.category,GanttRenderer,32
./org/jfree/chart/renderer/category/WaterfallBarRenderer.java,.org.jfree.chart.renderer.category,WaterfallBarRenderer,29
./org/jfree/chart/renderer/category/AreaRenderer.java,.org.jfree.chart.renderer.category,AreaRenderer,35
./org/jfree/chart/renderer/category/BarRenderer.java,.org.jfree.chart.renderer.category,BarRenderer,65
./org/jfree/chart/renderer/category/DefaultCategoryItemRenderer.java,.org.jfree.chart.renderer.category,DefaultCategoryItemRenderer,5
./org/jfree/chart/renderer/category/GroupedStackedBarRenderer.java,.org.jfree.chart.renderer.category,GroupedStackedBarRenderer,26
./org/jfree/chart/block/GridArrangement.java,.org.jfree.chart.block,GridArrangement,8
./org/jfree/chart/block/Size2D.java,.org.jfree.chart.block,Size2D,31
./org/jfree/chart/block/BlockResult.java,.org.jfree.chart.block,BlockResult,12
./org/jfree/chart/block/ColorBlock.java,.org.jfree.chart.block,ColorBlock,8
./org/jfree/chart/block/CenterArrangement.java,.org.jfree.chart.block,CenterArrangement,9
./org/jfree/chart/block/FlowArrangement.java,.org.jfree.chart.block,FlowArrangement,11
./org/jfree/chart/block/LengthConstraintType.java,.org.jfree.chart.block,LengthConstraintType,13
./org/jfree/chart/block/package-info.java,.org.jfree.chart.block,package-info,3
./org/jfree/chart/block/LineBorder.java,.org.jfree.chart.block,LineBorder,8
./org/jfree/chart/block/BlockParams.java,.org.jfree.chart.block,BlockParams,11
./org/jfree/chart/block/Block.java,.org.jfree.chart.block,Block,47
./org/jfree/chart/block/BlockBorder.java,.org.jfree.chart.block,BlockBorder,8
./org/jfree/chart/block/EntityBlockResult.java,.org.jfree.chart.block,EntityBlockResult,10
./org/jfree/chart/block/LabelBlock.java,.org.jfree.chart.block,LabelBlock,22
./org/jfree/chart/block/RectangleConstraint.java,.org.jfree.chart.block,RectangleConstraint,26
./org/jfree/chart/block/AbstractBlock.java,.org.jfree.chart.block,AbstractBlock,20
./org/jfree/chart/block/Arrangement.java,.org.jfree.chart.block,Arrangement,15
./org/jfree/chart/block/BorderArrangement.java,.org.jfree.chart.block,BorderArrangement,12
./org/jfree/chart/block/EmptyBlock.java,.org.jfree.chart.block,EmptyBlock,6
./org/jfree/chart/block/EntityBlockParams.java,.org.jfree.chart.block,EntityBlockParams,9
./org/jfree/chart/block/BlockContainer.java,.org.jfree.chart.block,BlockContainer,25
./org/jfree/chart/block/ColumnArrangement.java,.org.jfree.chart.block,ColumnArrangement,11
./org/jfree/chart/block/BlockFrame.java,.org.jfree.chart.block,BlockFrame,9
./org/jfree/chart/date/SpreadsheetDate.java,.org.jfree.chart.date,SpreadsheetDate,9
./org/jfree/chart/date/SerialDate.java,.org.jfree.chart.date,SerialDate,14
./org/jfree/chart/date/package-info.java,.org.jfree.chart.date,package-info,0
./org/jfree/chart/date/MonthConstants.java,.org.jfree.chart.date,MonthConstants,7
./org/jfree/data/ComparableObjectSeries.java,.org.jfree.data,ComparableObjectSeries,17
./org/jfree/data/DefaultKeyedValues.java,.org.jfree.data,DefaultKeyedValues,26
./org/jfree/data/KeyedValues2D.java,.org.jfree.data,KeyedValues2D,20
./org/jfree/data/RangeType.java,.org.jfree.data,RangeType,3
./org/jfree/data/KeyToGroupMap.java,.org.jfree.data,KeyToGroupMap,5
./org/jfree/data/KeyedValuesItemKey.java,.org.jfree.data,KeyedValuesItemKey,7
./org/jfree/data/ComparableObjectItem.java,.org.jfree.data,ComparableObjectItem,15
./org/jfree/data/KeyedObject.java,.org.jfree.data,KeyedObject,7
./org/jfree/data/package.html,.org.jfree.data,package.html,0
./org/jfree/data/KeyedValueComparator.java,.org.jfree.data,KeyedValueComparator,8
./org/jfree/data/RangeInfo.java,.org.jfree.data,RangeInfo,14
./org/jfree/data/KeyedValues.java,.org.jfree.data,KeyedValues,33
./org/jfree/data/DefaultKeyedValues2D.java,.org.jfree.data,DefaultKeyedValues2D,18
./org/jfree/data/Values2D.java,.org.jfree.data,Values2D,18
./org/jfree/data/DataUtils.java,.org.jfree.data,DataUtils,16
./org/jfree/data/KeyedObjects2D.java,.org.jfree.data,KeyedObjects2D,9
./org/jfree/data/Value.java,.org.jfree.data,Value,273
./org/jfree/data/UnknownKeyException.java,.org.jfree.data,UnknownKeyException,13
./org/jfree/data/Range.java,.org.jfree.data,Range,152
./org/jfree/data/DomainOrder.java,.org.jfree.data,DomainOrder,11
./org/jfree/data/ItemKey.java,.org.jfree.data,ItemKey,8
./org/jfree/data/DefaultKeyedValue.java,.org.jfree.data,DefaultKeyedValue,22
./org/jfree/data/KeyedValue.java,.org.jfree.data,KeyedValue,33
./org/jfree/data/DomainInfo.java,.org.jfree.data,DomainInfo,15
./org/jfree/data/Values.java,.org.jfree.data,Values,73
./org/jfree/data/KeyedObjects.java,.org.jfree.data,KeyedObjects,10
./org/jfree/data/KeyedValues2DItemKey.java,.org.jfree.data,KeyedValues2DItemKey,11
./org/jfree/data/KeyedValueComparatorType.java,.org.jfree.data,KeyedValueComparatorType,6
./org/jfree/data/xy/XIntervalDataItem.java,.org.jfree.data.xy,XIntervalDataItem,6
./org/jfree/data/xy/XYZDataset.java,.org.jfree.data.xy,XYZDataset,20
./org/jfree/data/xy/IntervalXYDataset.java,.org.jfree.data.xy,IntervalXYDataset,34
./org/jfree/data/xy/YIntervalDataItem.java,.org.jfree.data.xy,YIntervalDataItem,9
./org/jfree/data/xy/Vector.java,.org.jfree.data.xy,Vector,6
./org/jfree/data/xy/IntervalXYZDataset.java,.org.jfree.data.xy,IntervalXYZDataset,6
./org/jfree/data/xy/AbstractXYZDataset.java,.org.jfree.data.xy,AbstractXYZDataset,8
./org/jfree/data/xy/MatrixSeries.java,.org.jfree.data.xy,MatrixSeries,5
./org/jfree/data/xy/YisSymbolic.java,.org.jfree.data.xy,YisSymbolic,4
./org/jfree/data/xy/YInterval.java,.org.jfree.data.xy,YInterval,14
./org/jfree/data/xy/XYCoordinate.java,.org.jfree.data.xy,XYCoordinate,4
./org/jfree/data/xy/NormalizedMatrixSeries.java,.org.jfree.data.xy,NormalizedMatrixSeries,3
./org/jfree/data/xy/DefaultWindDataset.java,.org.jfree.data.xy,DefaultWindDataset,9
./org/jfree/data/xy/IntervalXYDelegate.java,.org.jfree.data.xy,IntervalXYDelegate,19
./org/jfree/data/xy/XYItemKey.java,.org.jfree.data.xy,XYItemKey,7
./org/jfree/data/xy/XIntervalSeries.java,.org.jfree.data.xy,XIntervalSeries,11
./org/jfree/data/xy/YWithXInterval.java,.org.jfree.data.xy,YWithXInterval,5
./org/jfree/data/xy/XYDataItem.java,.org.jfree.data.xy,XYDataItem,7
./org/jfree/data/xy/YIntervalSeriesCollection.java,.org.jfree.data.xy,YIntervalSeriesCollection,18
./org/jfree/data/xy/DefaultHighLowDataset.java,.org.jfree.data.xy,DefaultHighLowDataset,11
./org/jfree/data/xy/VectorSeries.java,.org.jfree.data.xy,VectorSeries,12
./org/jfree/data/xy/package.html,.org.jfree.data.xy,package.html,2
./org/jfree/data/xy/VectorDataItem.java,.org.jfree.data.xy,VectorDataItem,9
./org/jfree/data/xy/VectorXYDataset.java,.org.jfree.data.xy,VectorXYDataset,7
./org/jfree/data/xy/AbstractXYDataset.java,.org.jfree.data.xy,AbstractXYDataset,18
./org/jfree/data/xy/XYDatasetTableModel.java,.org.jfree.data.xy,XYDatasetTableModel,14
./org/jfree/data/xy/WindDataset.java,.org.jfree.data.xy,WindDataset,7
./org/jfree/data/xy/XYDataset.java,.org.jfree.data.xy,XYDataset,106
./org/jfree/data/xy/CategoryTableXYDataset.java,.org.jfree.data.xy,CategoryTableXYDataset,24
./org/jfree/data/xy/XYIntervalDataItem.java,.org.jfree.data.xy,XYIntervalDataItem,8
./org/jfree/data/xy/XYSeries.java,.org.jfree.data.xy,XYSeries,25
./org/jfree/data/xy/DefaultXYDataset.java,.org.jfree.data.xy,DefaultXYDataset,11
./org/jfree/data/xy/DefaultTableXYDataset.java,.org.jfree.data.xy,DefaultTableXYDataset,22
./org/jfree/data/xy/DefaultXYZDataset.java,.org.jfree.data.xy,DefaultXYZDataset,11
./org/jfree/data/xy/YIntervalSeries.java,.org.jfree.data.xy,YIntervalSeries,14
./org/jfree/data/xy/DefaultIntervalXYDataset.java,.org.jfree.data.xy,DefaultIntervalXYDataset,17
./org/jfree/data/xy/VectorSeriesCollection.java,.org.jfree.data.xy,VectorSeriesCollection,16
./org/jfree/data/xy/XisSymbolic.java,.org.jfree.data.xy,XisSymbolic,4
./org/jfree/data/xy/XYBarDataset.java,.org.jfree.data.xy,XYBarDataset,10
./org/jfree/data/xy/XIntervalSeriesCollection.java,.org.jfree.data.xy,XIntervalSeriesCollection,16
./org/jfree/data/xy/XYIntervalSeriesCollection.java,.org.jfree.data.xy,XYIntervalSeriesCollection,21
./org/jfree/data/xy/DefaultOHLCDataset.java,.org.jfree.data.xy,DefaultOHLCDataset,12
./org/jfree/data/xy/OHLCDataItem.java,.org.jfree.data.xy,OHLCDataItem,7
./org/jfree/data/xy/AbstractIntervalXYDataset.java,.org.jfree.data.xy,AbstractIntervalXYDataset,20
./org/jfree/data/xy/XYInterval.java,.org.jfree.data.xy,XYInterval,8
./org/jfree/data/xy/XYRangeInfo.java,.org.jfree.data.xy,XYRangeInfo,6
./org/jfree/data/xy/XYSeriesCollection.java,.org.jfree.data.xy,XYSeriesCollection,24
./org/jfree/data/xy/MatrixSeriesCollection.java,.org.jfree.data.xy,MatrixSeriesCollection,12
./org/jfree/data/xy/OHLCDataset.java,.org.jfree.data.xy,OHLCDataset,14
./org/jfree/data/xy/XYIntervalSeries.java,.org.jfree.data.xy,XYIntervalSeries,16
./org/jfree/data/xy/TableXYDataset.java,.org.jfree.data.xy,TableXYDataset,17
./org/jfree/data/xy/XYDomainInfo.java,.org.jfree.data.xy,XYDomainInfo,6
./org/jfree/data/resources/DataPackageResources.java,.org.jfree.data.resources,DataPackageResources,8
./org/jfree/data/resources/DataPackageResources_de.java,.org.jfree.data.resources,DataPackageResources_de,2
./org/jfree/data/resources/DataPackageResources_es.java,.org.jfree.data.resources,DataPackageResources_es,3
./org/jfree/data/resources/package.html,.org.jfree.data.resources,package.html,0
./org/jfree/data/resources/DataPackageResources_pl.java,.org.jfree.data.resources,DataPackageResources_pl,2
./org/jfree/data/resources/DataPackageResources_fr.java,.org.jfree.data.resources,DataPackageResources_fr,2
./org/jfree/data/resources/DataPackageResources_ru.java,.org.jfree.data.resources,DataPackageResources_ru,2
./org/jfree/data/flow/FlowDataset.java,.org.jfree.data.flow,FlowDataset,10
./org/jfree/data/flow/package-info.java,.org.jfree.data.flow,package-info,0
./org/jfree/data/flow/FlowDatasetUtils.java,.org.jfree.data.flow,FlowDatasetUtils,10
./org/jfree/data/flow/FlowKey.java,.org.jfree.data.flow,FlowKey,10
./org/jfree/data/flow/DefaultFlowDataset.java,.org.jfree.data.flow,DefaultFlowDataset,10
./org/jfree/data/flow/NodeKey.java,.org.jfree.data.flow,NodeKey,10
./org/jfree/data/io/package.html,.org.jfree.data.io,package.html,0
./org/jfree/data/io/CSV.java,.org.jfree.data.io,CSV,5
./org/jfree/data/xml/ItemHandler.java,.org.jfree.data.xml,ItemHandler,15
./org/jfree/data/xml/DatasetReader.java,.org.jfree.data.xml,DatasetReader,7
./org/jfree/data/xml/ValueHandler.java,.org.jfree.data.xml,ValueHandler,8
./org/jfree/data/xml/DatasetTags.java,.org.jfree.data.xml,DatasetTags,13
./org/jfree/data/xml/package.html,.org.jfree.data.xml,package.html,0
./org/jfree/data/xml/CategorySeriesHandler.java,.org.jfree.data.xml,CategorySeriesHandler,16
./org/jfree/data/xml/PieDatasetHandler.java,.org.jfree.data.xml,PieDatasetHandler,10
./org/jfree/data/xml/RootHandler.java,.org.jfree.data.xml,RootHandler,9
./org/jfree/data/xml/CategoryDatasetHandler.java,.org.jfree.data.xml,CategoryDatasetHandler,11
./org/jfree/data/xml/KeyHandler.java,.org.jfree.data.xml,KeyHandler,8
./org/jfree/data/json/package-info.java,.org.jfree.data.json,package-info,0
./org/jfree/data/json/JSONUtils.java,.org.jfree.data.json,JSONUtils,12
./org/jfree/data/json/impl/JSONValue.java,.org.jfree.data.json.impl,JSONValue,9
./org/jfree/data/json/impl/package-info.java,.org.jfree.data.json.impl,package-info,0
./org/jfree/data/json/impl/JSONAware.java,.org.jfree.data.json.impl,JSONAware,4
./org/jfree/data/json/impl/JSONObject.java,.org.jfree.data.json.impl,JSONObject,6
./org/jfree/data/json/impl/JSONArray.java,.org.jfree.data.json.impl,JSONArray,6
./org/jfree/data/json/impl/JSONStreamAware.java,.org.jfree.data.json.impl,JSONStreamAware,4
./org/jfree/data/time/DynamicTimeSeriesCollection.java,.org.jfree.data.time,DynamicTimeSeriesCollection,20
./org/jfree/data/time/FixedMillisecond.java,.org.jfree.data.time,FixedMillisecond,6
./org/jfree/data/time/Year.java,.org.jfree.data.time,Year,22
./org/jfree/data/time/Hour.java,.org.jfree.data.time,Hour,16
./org/jfree/data/time/Month.java,.org.jfree.data.time,Month,25
./org/jfree/data/time/TimePeriod.java,.org.jfree.data.time,TimePeriod,35
./org/jfree/data/time/TimeSeries.java,.org.jfree.data.time,TimeSeries,25
./org/jfree/data/time/package.html,.org.jfree.data.time,package.html,0
./org/jfree/data/time/SimpleTimePeriod.java,.org.jfree.data.time,SimpleTimePeriod,3
./org/jfree/data/time/Day.java,.org.jfree.data.time,Day,23
./org/jfree/data/time/RegularTimePeriod.java,.org.jfree.data.time,RegularTimePeriod,37
./org/jfree/data/time/TimeSeriesTableModel.java,.org.jfree.data.time,TimeSeriesTableModel,8
./org/jfree/data/time/TimePeriodFormatException.java,.org.jfree.data.time,TimePeriodFormatException,6
./org/jfree/data/time/Second.java,.org.jfree.data.time,Second,23
./org/jfree/data/time/Week.java,.org.jfree.data.time,Week,13
./org/jfree/data/time/TimePeriodValuesCollection.java,.org.jfree.data.time,TimePeriodValuesCollection,18
./org/jfree/data/time/TimePeriodValues.java,.org.jfree.data.time,TimePeriodValues,11
./org/jfree/data/time/MovingAverage.java,.org.jfree.data.time,MovingAverage,14
./org/jfree/data/time/TimeSeriesDataItem.java,.org.jfree.data.time,TimeSeriesDataItem,19
./org/jfree/data/time/DateRange.java,.org.jfree.data.time,DateRange,3
./org/jfree/data/time/TimeSeriesCollection.java,.org.jfree.data.time,TimeSeriesCollection,27
./org/jfree/data/time/TimeTableXYDataset.java,.org.jfree.data.time,TimeTableXYDataset,24
./org/jfree/data/time/Millisecond.java,.org.jfree.data.time,Millisecond,32
./org/jfree/data/time/Quarter.java,.org.jfree.data.time,Quarter,15
./org/jfree/data/time/TimePeriodValue.java,.org.jfree.data.time,TimePeriodValue,6
./org/jfree/data/time/TimePeriodAnchor.java,.org.jfree.data.time,TimePeriodAnchor,8
./org/jfree/data/time/Minute.java,.org.jfree.data.time,Minute,17
./org/jfree/data/time/ohlc/OHLCItem.java,.org.jfree.data.time.ohlc,OHLCItem,9
./org/jfree/data/time/ohlc/package.html,.org.jfree.data.time.ohlc,package.html,0
./org/jfree/data/time/ohlc/OHLCSeriesCollection.java,.org.jfree.data.time.ohlc,OHLCSeriesCollection,19
./org/jfree/data/time/ohlc/OHLCSeries.java,.org.jfree.data.time.ohlc,OHLCSeries,12
./org/jfree/data/time/ohlc/OHLC.java,.org.jfree.data.time.ohlc,OHLC,15
./org/jfree/data/gantt/TaskSeries.java,.org.jfree.data.gantt,TaskSeries,10
./org/jfree/data/gantt/Task.java,.org.jfree.data.gantt,Task,10
./org/jfree/data/gantt/package.html,.org.jfree.data.gantt,package.html,0
./org/jfree/data/gantt/XYTaskDataset.java,.org.jfree.data.gantt,XYTaskDataset,18
./org/jfree/data/gantt/SlidingGanttCategoryDataset.java,.org.jfree.data.gantt,SlidingGanttCategoryDataset,9
./org/jfree/data/gantt/GanttCategoryDataset.java,.org.jfree.data.gantt,GanttCategoryDataset,8
./org/jfree/data/gantt/TaskSeriesCollection.java,.org.jfree.data.gantt,TaskSeriesCollection,19
./org/jfree/data/function/LineFunction2D.java,.org.jfree.data.function,LineFunction2D,4
./org/jfree/data/function/Function2D.java,.org.jfree.data.function,Function2D,7
./org/jfree/data/function/NormalDistributionFunction2D.java,.org.jfree.data.function,NormalDistributionFunction2D,4
./org/jfree/data/function/package.html,.org.jfree.data.function,package.html,0
./org/jfree/data/function/PowerFunction2D.java,.org.jfree.data.function,PowerFunction2D,4
./org/jfree/data/function/PolynomialFunction2D.java,.org.jfree.data.function,PolynomialFunction2D,5
./org/jfree/data/statistics/MultiValueCategoryDataset.java,.org.jfree.data.statistics,MultiValueCategoryDataset,8
./org/jfree/data/statistics/BoxAndWhiskerItem.java,.org.jfree.data.statistics,BoxAndWhiskerItem,6
./org/jfree/data/statistics/BoxAndWhiskerCategoryDataset.java,.org.jfree.data.statistics,BoxAndWhiskerCategoryDataset,10
./org/jfree/data/statistics/StatisticalCategoryDataset.java,.org.jfree.data.statistics,StatisticalCategoryDataset,9
./org/jfree/data/statistics/SimpleHistogramDataset.java,.org.jfree.data.statistics,SimpleHistogramDataset,17
./org/jfree/data/statistics/HistogramBin.java,.org.jfree.data.statistics,HistogramBin,6
./org/jfree/data/statistics/DefaultBoxAndWhiskerCategoryDataset.java,.org.jfree.data.statistics,DefaultBoxAndWhiskerCategoryDataset,17
./org/jfree/data/statistics/DefaultBoxAndWhiskerXYDataset.java,.org.jfree.data.statistics,DefaultBoxAndWhiskerXYDataset,12
./org/jfree/data/statistics/Regression.java,.org.jfree.data.statistics,Regression,5
./org/jfree/data/statistics/package.html,.org.jfree.data.statistics,package.html,0
./org/jfree/data/statistics/Statistics.java,.org.jfree.data.statistics,Statistics,6
./org/jfree/data/statistics/BoxAndWhiskerXYDataset.java,.org.jfree.data.statistics,BoxAndWhiskerXYDataset,11
./org/jfree/data/statistics/MeanAndStandardDeviation.java,.org.jfree.data.statistics,MeanAndStandardDeviation,7
./org/jfree/data/statistics/BoxAndWhiskerCalculator.java,.org.jfree.data.statistics,BoxAndWhiskerCalculator,8
./org/jfree/data/statistics/HistogramType.java,.org.jfree.data.statistics,HistogramType,2
./org/jfree/data/statistics/DefaultMultiValueCategoryDataset.java,.org.jfree.data.statistics,DefaultMultiValueCategoryDataset,15
./org/jfree/data/statistics/DefaultStatisticalCategoryDataset.java,.org.jfree.data.statistics,DefaultStatisticalCategoryDataset,16
./org/jfree/data/statistics/HistogramDataset.java,.org.jfree.data.statistics,HistogramDataset,17
./org/jfree/data/statistics/SimpleHistogramBin.java,.org.jfree.data.statistics,SimpleHistogramBin,7
./org/jfree/data/category/IntervalCategoryDataset.java,.org.jfree.data.category,IntervalCategoryDataset,11
./org/jfree/data/category/SlidingCategoryDataset.java,.org.jfree.data.category,SlidingCategoryDataset,8
./org/jfree/data/category/CategoryToPieDataset.java,.org.jfree.data.category,CategoryToPieDataset,11
./org/jfree/data/category/package.html,.org.jfree.data.category,package.html,2
./org/jfree/data/category/CategoryDataset.java,.org.jfree.data.category,CategoryDataset,78
./org/jfree/data/category/DefaultIntervalCategoryDataset.java,.org.jfree.data.category,DefaultIntervalCategoryDataset,12
./org/jfree/data/category/DefaultCategoryDataset.java,.org.jfree.data.category,DefaultCategoryDataset,22
./org/jfree/data/category/CategoryRangeInfo.java,.org.jfree.data.category,CategoryRangeInfo,5
./org/jfree/data/general/DefaultHeatMapDataset.java,.org.jfree.data.general,DefaultHeatMapDataset,9
./org/jfree/data/general/Series.java,.org.jfree.data.general,Series,156
./org/jfree/data/general/DefaultKeyedValuesDataset.java,.org.jfree.data.general,DefaultKeyedValuesDataset,11
./org/jfree/data/general/AbstractDataset.java,.org.jfree.data.general,AbstractDataset,18
./org/jfree/data/general/KeyedValues2DDataset.java,.org.jfree.data.general,KeyedValues2DDataset,13
./org/jfree/data/general/DefaultValueDataset.java,.org.jfree.data.general,DefaultValueDataset,9
./org/jfree/data/general/WaferMapDataset.java,.org.jfree.data.general,WaferMapDataset,17
./org/jfree/data/general/SeriesChangeListener.java,.org.jfree.data.general,SeriesChangeListener,6
./org/jfree/data/general/SeriesException.java,.org.jfree.data.general,SeriesException,6
./org/jfree/data/general/SeriesChangeEvent.java,.org.jfree.data.general,SeriesChangeEvent,19
./org/jfree/data/general/package.html,.org.jfree.data.general,package.html,0
./org/jfree/data/general/DefaultKeyedValueDataset.java,.org.jfree.data.general,DefaultKeyedValueDataset,9
./org/jfree/data/general/Dataset.java,.org.jfree.data.general,Dataset,236
./org/jfree/data/general/AbstractSeriesDataset.java,.org.jfree.data.general,AbstractSeriesDataset,10
./org/jfree/data/general/HeatMapUtils.java,.org.jfree.data.general,HeatMapUtils,10
./org/jfree/data/general/KeyedValueDataset.java,.org.jfree.data.general,KeyedValueDataset,6
./org/jfree/data/general/SeriesDataset.java,.org.jfree.data.general,SeriesDataset,14
./org/jfree/data/general/DatasetUtils.java,.org.jfree.data.general,DatasetUtils,60
./org/jfree/data/general/DatasetChangeEvent.java,.org.jfree.data.general,DatasetChangeEvent,51
./org/jfree/data/general/ValueDataset.java,.org.jfree.data.general,ValueDataset,10
./org/jfree/data/general/PieDataset.java,.org.jfree.data.general,PieDataset,31
./org/jfree/data/general/DatasetChangeListener.java,.org.jfree.data.general,DatasetChangeListener,12
./org/jfree/data/general/DefaultKeyedValues2DDataset.java,.org.jfree.data.general,DefaultKeyedValues2DDataset,15
./org/jfree/data/general/HeatMapDataset.java,.org.jfree.data.general,HeatMapDataset,5
./org/jfree/data/general/DefaultPieDataset.java,.org.jfree.data.general,DefaultPieDataset,22
./org/jfree/data/general/KeyedValuesDataset.java,.org.jfree.data.general,KeyedValuesDataset,8
